insert into valid(id,password,type) values (1,'abc','admin');
insert into valid(id,password,type) values (123405678,'abc','mechanic');
insert into valid(id,password,type) values (123450678,'abc','mechanic');
insert into valid(id,password,type) values (123456078,'abc','mechanic');
insert into valid(id,password,type) values (123456708,'abc','mechanic');
insert into valid(id,password,type) values (123456780,'abc','mechanic');
insert into valid(id,password,type) values (123789456,'abc','mechanic');
insert into valid(id,password,type) values (125689347,'abc','mechanic');
insert into valid(id,password,type) values (132457689,'abc','mechanic');
insert into valid(id,password,type) values (241368579,'abc','mechanic');
insert into valid(id,password,type) values (314275869,'abc','mechanic');
insert into valid(id,password,type) values (347812569,'abc','mechanic');
insert into valid(id,password,type) values (423186759,'abc','mechanic');
insert into valid(id,password,type) values (789123456,'abc','mechanic');

insert into valid(id,password,type) values (123456789,'abc','manager');
insert into valid(id,password,type) values (987654321,'abc','manager');
insert into valid(id,password,type) values (987612345,'abc','manager');

--1st SC and Manager
insert into service_centre(Id,Addr,Sat_open,tele_number,state,rate,minimum_wage,maximum_wage) values(30001,'3921 Western Blvd, Raleigh, NC 27606','Y','3392601234','NC',35,30,40);
insert into employee(E_Id, Pno , Name ,Addr ,Email ,Id ) values(123456789,'8636368778','John Doe','1378 University Woods, Raleigh, NC 27612','jdoe@gmail.com',30001);
insert into CONTRACT_EMPLOYEES( E_Id ,Salary) values (123456789,44);
insert into manager(E_id) values(123456789);
--2nd SC and Manager
insert into service_centre(Id,Addr,Sat_open,tele_number,state,rate,minimum_wage,maximum_wage) values(30002,'4500 Preslyn Dr Suite 103, Raleigh, NC 27616','Y','8576890280','NC',25,25,35);
insert into employee(E_Id, Pno , Name ,Addr ,Email ,Id ) values(987654321,'8972468552','Rachel Brooks','2201 Gorman Parkwood, Raleigh, NC 27618','rbrooks@ymail.com',30002);
insert into CONTRACT_EMPLOYEES( E_Id ,Salary) values (987654321,35);
insert into manager(E_id) values(987654321);
--3rd SC and Manager
insert into service_centre(Id,Addr,Sat_open,tele_number,state,rate,minimum_wage,maximum_wage) values(30003,'Chapel Hill Rd, Morrisville, NC 27560','N','7798182200','NC',22,20,25);
insert into employee(E_Id, Pno , Name ,Addr ,Email ,Id ) values(987612345,'8547963210','Caleb Smith','1538 Red Bud Lane, Morrisville, NC 27560','csmith@yahoo.com',30003);
insert into CONTRACT_EMPLOYEES( E_Id ,Salary) values (987612345,25);
insert into manager(E_id) values(987612345);

--CREATE TABLE EMPLOYEE( E_Id INTEGER PRIMARY KEY, Pno CHAR(13), Name CHAR(20),Addr CHAR(1000),Email CHAR(30),Id INTEGER NOT NULL,FOREIGN KEY (Id) REFERENCES SERVICE_CENTRE(Id));
INSERT INTO EMPLOYEE(E_Id,Pno,Name,Addr,Email,Id,role) VALUES (132457689, 4576312882, 'James Williams', '1400 Gorman St, Raleigh, NC 27606-2972', 'jwilliams@gmail.com',30001,'Mechanic');
INSERT INTO EMPLOYEE(E_Id,Pno,Name,Addr,Email,Id,role) VALUES (314275869, 9892321100, 'David Johnson','686 Stratford Court, Raleigh, NC 27606','djohnson@ymail.com',30001,'Mechanic');
INSERT INTO EMPLOYEE(E_Id,Pno,Name,Addr,Email,Id,role) VALUES (241368579, 4573459090, 'Maria Garcia','1521 Graduate Lane, Raleigh, NC 27606', 'mgarcia@yahoo.com', 30001,'Mechanic');
INSERT INTO EMPLOYEE(E_Id,Pno,Name,Addr,Email,Id,role) VALUES (423186759, 9892180921,'Ellie Clark', '3125 Avent Ferry Road, Raleigh, NC 27605', 'eclark@gmail.com', 30002,'Mechanic');
INSERT INTO EMPLOYEE(E_Id,Pno,Name,Addr,Email,Id,role) VALUES (123789456, 7652304282, 'Robert Martinez', '1232 Tartan Circle, Raleigh, NC 27607','rmartinez@ymail.com',30002,'Mechanic');
INSERT INTO EMPLOYEE(E_Id,Pno,Name,Addr,Email,Id,role) VALUES (789123456, 9092234281, 'Charles Rodriguez', '218 Patton Lane, Raleigh, NC 27603','crodriguez@yahoo.com',30002,'Mechanic');
INSERT INTO EMPLOYEE(E_Id,Pno,Name,Addr,Email,Id,role) VALUES (125689347, 7653241714, 'Jose Hernandez', '4747 Dola Mine Road, Raleigh, NC 27609','jhernandez@gmail.com', 30002,'Mechanic');
INSERT INTO EMPLOYEE(E_Id,Pno,Name,Addr,Email,Id,role) VALUES (347812569, 9091237568, 'Charlie Brown', '1 Rockford Mountain Lane, Morrisville, NC 27560', 'cbrown@ymail.com', 30003,'Mechanic');
INSERT INTO EMPLOYEE(E_Id,Pno,Name,Addr,Email,Id,role) VALUES (123456780, 3390108899, 'Jeff Gibson', '900 Development Drive, Morrisville, NC 27560', 'jgibson@yahoo.com', 30003,'Mechanic');
INSERT INTO EMPLOYEE(E_Id,Pno,Name,Addr,Email,Id,role) VALUES (123456708, 3394561231, 'Isabelle Wilder', '6601 Koppers Road, Morrisville, NC 27560', 'iwilder@gmail.com', 30003,'Mechanic');
INSERT INTO EMPLOYEE(E_Id,Pno,Name,Addr,Email,Id,role) VALUES (123456078, 3396723418, 'Peter Titus', '2860 Slater Road, Morrisville, NC 27560', 'ptitus@ymail.com', 30003,'Mechanic');
INSERT INTO EMPLOYEE(E_Id,Pno,Name,Addr,Email,Id,role) VALUES (123450678, 3395792080, 'Mark Mendez', '140 Southport Drive, Morrisville, NC 27560', 'mmendez@yahoo.com', 30003,'Mechanic');
INSERT INTO EMPLOYEE(E_Id,Pno,Name,Addr,Email,Id,role) VALUES (123405678, 3391126787, 'Lisa Alberti', '100 Valley Glen Drive, Morrisville, NC 27560','lalberti@yahoo.com', 30003,'Mechanic');

INSERT INTO HOURLY_EMPLOYEES VALUES (132457689);
INSERT INTO HOURLY_EMPLOYEES VALUES (314275869);
INSERT INTO HOURLY_EMPLOYEES VALUES (241368579);
INSERT INTO HOURLY_EMPLOYEES VALUES (423186759);
INSERT INTO HOURLY_EMPLOYEES VALUES (123789456);
INSERT INTO HOURLY_EMPLOYEES VALUES (789123456);
INSERT INTO HOURLY_EMPLOYEES VALUES (125689347);
INSERT INTO HOURLY_EMPLOYEES VALUES (347812569);
INSERT INTO HOURLY_EMPLOYEES VALUES (123456780);
INSERT INTO HOURLY_EMPLOYEES VALUES (123456708);
INSERT INTO HOURLY_EMPLOYEES VALUES (123456078);
INSERT INTO HOURLY_EMPLOYEES VALUES (123450678);
INSERT INTO HOURLY_EMPLOYEES VALUES (123405678);

INSERT INTO MECHANICS VALUES (132457689);
INSERT INTO MECHANICS VALUES (314275869);
INSERT INTO MECHANICS VALUES (241368579);
INSERT INTO MECHANICS VALUES (423186759);
INSERT INTO MECHANICS VALUES (123789456);
INSERT INTO MECHANICS VALUES (789123456);
INSERT INTO MECHANICS VALUES (125689347);
INSERT INTO MECHANICS VALUES (347812569);
INSERT INTO MECHANICS VALUES (123456780);
INSERT INTO MECHANICS VALUES (123456708);
INSERT INTO MECHANICS VALUES (123456078);
INSERT INTO MECHANICS VALUES (123450678);
INSERT INTO MECHANICS VALUES (123405678);

insert into manufacturer(name) values('Toyota');
insert into manufacturer(name) values('Honda');
insert into manufacturer(name) values('Nissan');

insert into car(Vin,mileage,manufacturer,last_schedule,year) values('4Y1BL658',53000,'Toyota','B','2007');
insert into car(Vin,mileage,manufacturer,last_schedule,year) values('7A1ST264',117000,'Honda','A','1999');
insert into car(Vin,mileage,manufacturer,last_schedule,year) values('5TR3K914',111000,'Nissan','C','2015');
insert into car(Vin,mileage,manufacturer,last_schedule,year) values('15DC9A87',21000,'Toyota','A','2020');
insert into car(Vin,mileage,manufacturer,last_schedule,year) values('18S5R2D8',195500,'Nissan','C','2019');
insert into car(Vin,mileage,manufacturer,last_schedule,year) values('9R2UHP54',67900,'Honda','B','2013');
insert into car(Vin,mileage,manufacturer,last_schedule,year) values('88TSM888',10000,'Honda','A','2000');
insert into car(Vin,mileage,manufacturer,last_schedule,year) values('71HK2D89',195550,'Toyota','B','2004');
insert into car(Vin,mileage,manufacturer,last_schedule,year) values('34KLE19D',123800,'Toyota','C','2010');
insert into car(Vin,mileage,manufacturer,last_schedule,year) values('29T56WC3',51300,'Nissan','A','2011');
insert into car(Vin,mileage,manufacturer,last_schedule,year) values('P39VN198',39500,'Nissan','B','2013');
insert into car(Vin,mileage,manufacturer,last_schedule,year) values('39YVS415',49900,'Honda','A','2021');

insert into valid(id,password,type) values (100013001,'abc','customer');
insert into valid(id,password,type) values (1000230001,'abc','customer');
insert into valid(id,password,type) values (1005330002,'abc','customer');
insert into valid(id,password,type) values (1001030002,'abc','customer');
insert into valid(id,password,type) values (1000130002,'abc','customer');
insert into valid(id,password,type) values (1003530002,'abc','customer');
insert into valid(id,password,type) values (1000230003,'abc','customer');
insert into valid(id,password,type) values (1000330003,'abc','customer');
insert into valid(id,password,type) values (1001130003,'abc','customer');
insert into valid(id,password,type) values (1006230003,'abc','customer');
insert into valid(id,password,type) values (1050130003,'abc','customer');
insert into valid(id,password,type) values (1001030003,'abc','customer');


insert into customer(Id,S_Id,Fname,Lname,standing,status,username) values(10001,30001,'Peter','Parker',1,1,100013001);
insert into customer(Id,S_Id,Fname,Lname,standing,status,username) values(10002,30001,'Diana','Prince',1,1,1000230001);
insert into customer(Id,S_Id,Fname,Lname,standing,status,username) values(10053,30002,'Billy','Batson',1,1,1005330002);
insert into customer(Id,S_Id,Fname,Lname,standing,status,username) values(10010,30002,'Bruce',' Wayne',1,1,1001030002);
insert into customer(Id,S_Id,Fname,Lname,standing,status,username) values(10001,30002,'Steve','Rogers',1,1,1000130002);
insert into customer(Id,S_Id,Fname,Lname,standing,status,username) values(10035,30002,'Happy',' Hogan',1,1,1003530002);
insert into customer(Id,S_Id,Fname,Lname,standing,status,username) values(10002,30003,'Tony','Stark',1,1,1000230003);
insert into customer(Id,S_Id,Fname,Lname,standing,status,username) values(10003,30003,'Natasha','Romanoff',1,1,1000330003);
insert into customer(Id,S_Id,Fname,Lname,standing,status,username) values(10011,30003,'Harvey','Bullock',1,1,1001130003);
insert into customer(Id,S_Id,Fname,Lname,standing,status,username) values(10062,30003,'Sam','Wilson',1,1,1006230003);
insert into customer(Id,S_Id,Fname,Lname,standing,status,username) values(10501,30003,'Wanda','Maximoff',1,1,1050130003);
insert into customer(Id,S_Id,Fname,Lname,standing,status,username) values(10010,30003,'Virginia','Potts',1,1,1001030003);

insert into cust_has_car(vin,Id,S_id) values('4Y1BL658',10001,30001);
insert into cust_has_car(vin,Id,S_id) values('7A1ST264',10002,30001);
insert into cust_has_car(vin,Id,S_id) values('5TR3K914',10053,30002);
insert into cust_has_car(vin,Id,S_id) values('15DC9A87',10010,30002);
insert into cust_has_car(vin,Id,S_id) values('18S5R2D8',10001,30002);
insert into cust_has_car(vin,Id,S_id) values('9R2UHP54',10035,30002);
insert into cust_has_car(vin,Id,S_id) values('88TSM888',10002,30003);
insert into cust_has_car(vin,Id,S_id) values('71HK2D89',10003,30003);
insert into cust_has_car(vin,Id,S_id) values('34KLE19D',10011,30003);
insert into cust_has_car(vin,Id,S_id) values('29T56WC3',10062,30003);
insert into cust_has_car(vin,Id,S_id) values('P39VN198',10501,30003);
insert into cust_has_car(vin,Id,S_id) values('39YVS415',10010,30003);


insert into services(service_no,name) values(101,'Belt Replacement');
insert into services(service_no,name) values(102,'Engine Repair');
insert into services(service_no,name) values(103,'Exhaust Repair');
insert into services(service_no,name) values(104,'Muffler Repair');
insert into services(service_no,name) values(105,'Alternator Repair');
insert into services(service_no,name) values(106,'Power Lock Repair');
insert into services(service_no,name) values(107,'Axle Repair');
insert into services(service_no,name) values(108,'Brake Repair');
insert into services(service_no,name) values(109,'Tire Balancing');
insert into services(service_no,name) values(110,'Wheel Alignment');
insert into services(service_no,name) values(111,'Compressor Repair');
insert into services(service_no,name) values(112,'Evaporator Repair');
insert into services(service_no,name) values(1131,'Oil Changes');
insert into services(service_no,name) values(1132,'Filter Replacements');
insert into services(service_no,name) values(1141,'Check Engine Light Diagnostics');
insert into services(service_no,name) values(1151,'Suspension Repair');

insert into services(service_no,name) values(113,'A');
insert into services(service_no,name) values(114,'B');
insert into services(service_no,name) values(115,'C');

insert into maintenance(service_no,schedule) values(1131,'A');
insert into maintenance(service_no,schedule) values(1132,'A');
insert into maintenance(service_no,schedule) values(108,'B');
insert into maintenance(service_no,schedule) values(1141,'B');
insert into maintenance(service_no,schedule) values(1151,'C');
insert into maintenance(service_no,schedule) values(112,'C');

insert into REPAIRS(service_no) VALUES(101);
insert into REPAIRS(service_no) VALUES(102);
insert into REPAIRS(service_no) VALUES(103);
insert into REPAIRS(service_no) VALUES(104);
insert into REPAIRS(service_no) VALUES(105);
insert into REPAIRS(service_no) VALUES(106);
insert into REPAIRS(service_no) VALUES(107);
insert into REPAIRS(service_no) VALUES(108);
insert into REPAIRS(service_no) VALUES(109);
insert into REPAIRS(service_no) VALUES(110);
insert into REPAIRS(service_no) VALUES(111);
insert into REPAIRS(service_no) VALUES(112);

insert into engine(service_no) values(101);
insert into engine(service_no) values(102);

insert into Exhaust(service_no) values(103);
insert into Exhaust(service_no) values(104);

insert into Electrical(service_no) values(105);
insert into Electrical(service_no) values(106);

insert into Transmission(service_no) values(107);
insert into Transmission(service_no) values(108);

insert into Tire(service_no) values(109);
insert into Tire(service_no) values(110);

insert into HEAT_AND_AC(service_no) values(111);
insert into HEAT_AND_AC(service_no) values(112);

insert into car_needs_service(manufacturer,service_no,duration) values ('Toyota',101,1);
insert into car_needs_service(manufacturer,service_no,duration) values ('Toyota',102,5);
insert into car_needs_service(manufacturer,service_no,duration) values ('Toyota',103,4);
insert into car_needs_service(manufacturer,service_no,duration) values ('Toyota',104,2);
insert into car_needs_service(manufacturer,service_no,duration) values ('Toyota',105,4);
insert into car_needs_service(manufacturer,service_no,duration) values ('Toyota',106,5);
insert into car_needs_service(manufacturer,service_no,duration) values ('Toyota',107,7);
insert into car_needs_service(manufacturer,service_no,duration) values ('Toyota',108,3);
insert into car_needs_service(manufacturer,service_no,duration) values ('Toyota',109,2);
insert into car_needs_service(manufacturer,service_no,duration) values ('Toyota',110,1);
insert into car_needs_service(manufacturer,service_no,duration) values ('Toyota',111,3);
insert into car_needs_service(manufacturer,service_no,duration) values ('Toyota',112,4);
insert into car_needs_service(manufacturer,service_no,duration) values ('Toyota',113,3);
insert into car_needs_service(manufacturer,service_no,duration) values ('Toyota',114,6);
insert into car_needs_service(manufacturer,service_no,duration) values ('Toyota',115,9);

insert into car_needs_service(manufacturer,service_no,duration) values ('Nissan',101,1);
insert into car_needs_service(manufacturer,service_no,duration) values ('Nissan',102,5);
insert into car_needs_service(manufacturer,service_no,duration) values ('Nissan',103,4);
insert into car_needs_service(manufacturer,service_no,duration) values ('Nissan',104,2);
insert into car_needs_service(manufacturer,service_no,duration) values ('Nissan',105,4);
insert into car_needs_service(manufacturer,service_no,duration) values ('Nissan',106,5);
insert into car_needs_service(manufacturer,service_no,duration) values ('Nissan',107,7);
insert into car_needs_service(manufacturer,service_no,duration) values ('Nissan',108,3);
insert into car_needs_service(manufacturer,service_no,duration) values ('Nissan',109,2);
insert into car_needs_service(manufacturer,service_no,duration) values ('Nissan',110,1);
insert into car_needs_service(manufacturer,service_no,duration) values ('Nissan',111,3);
insert into car_needs_service(manufacturer,service_no,duration) values ('Nissan',112,4);
insert into car_needs_service(manufacturer,service_no,duration) values ('Nissan',113,3);
insert into car_needs_service(manufacturer,service_no,duration) values ('Nissan',114,6);
insert into car_needs_service(manufacturer,service_no,duration) values ('Nissan',115,9);

insert into car_needs_service(manufacturer,service_no,duration) values ('Honda',101,1);
insert into car_needs_service(manufacturer,service_no,duration) values ('Honda',102,5);
insert into car_needs_service(manufacturer,service_no,duration) values ('Honda',103,4);
insert into car_needs_service(manufacturer,service_no,duration) values ('Honda',104,2);
insert into car_needs_service(manufacturer,service_no,duration) values ('Honda',105,4);
insert into car_needs_service(manufacturer,service_no,duration) values ('Honda',106,5);
insert into car_needs_service(manufacturer,service_no,duration) values ('Honda',107,7);
insert into car_needs_service(manufacturer,service_no,duration) values ('Honda',108,3);
insert into car_needs_service(manufacturer,service_no,duration) values ('Honda',109,2);
insert into car_needs_service(manufacturer,service_no,duration) values ('Honda',110,1);
insert into car_needs_service(manufacturer,service_no,duration) values ('Honda',111,3);
insert into car_needs_service(manufacturer,service_no,duration) values ('Honda',112,4);
insert into car_needs_service(manufacturer,service_no,duration) values ('Honda',113,3);
insert into car_needs_service(manufacturer,service_no,duration) values ('Honda',114,6);
insert into car_needs_service(manufacturer,service_no,duration) values ('Honda',115,9);

insert into car_has_cost_of_service(manufacturer,service_no,Id,cost) values('Honda',101,30001,140);
insert into car_has_cost_of_service(manufacturer,service_no,Id,cost) values('Nissan',101,30001,175);
insert into car_has_cost_of_service(manufacturer,service_no,Id,cost) values('Toyota',101,30001,160);
insert into car_has_cost_of_service(manufacturer,service_no,Id,cost) values('Honda',101,30002,160);
insert into car_has_cost_of_service(manufacturer,service_no,Id,cost) values('Nissan',101,30002,195);
insert into car_has_cost_of_service(manufacturer,service_no,Id,cost) values('Toyota',101,30002,180);
insert into car_has_cost_of_service(manufacturer,service_no,Id,cost) values('Honda',101,30003,175);
insert into car_has_cost_of_service(manufacturer,service_no,Id,cost) values('Nissan',101,30003,210);
insert into car_has_cost_of_service(manufacturer,service_no,Id,cost) values('Toyota',101,30003,195);

insert into car_has_cost_of_service(manufacturer,service_no,Id,cost) values('Honda',102,30001,400);
insert into car_has_cost_of_service(manufacturer,service_no,Id,cost) values('Nissan',102,30001,500);
insert into car_has_cost_of_service(manufacturer,service_no,Id,cost) values('Toyota',102,30001,450);
insert into car_has_cost_of_service(manufacturer,service_no,Id,cost) values('Honda',102,30002,420);
insert into car_has_cost_of_service(manufacturer,service_no,Id,cost) values('Nissan',102,30002,520);
insert into car_has_cost_of_service(manufacturer,service_no,Id,cost) values('Toyota',102,30002,470);
insert into car_has_cost_of_service(manufacturer,service_no,Id,cost) values('Honda',102,30003,435);
insert into car_has_cost_of_service(manufacturer,service_no,Id,cost) values('Nissan',102,30003,535);
insert into car_has_cost_of_service(manufacturer,service_no,Id,cost) values('Toyota',102,30003,485);

insert into car_has_cost_of_service(manufacturer,service_no,Id,cost) values('Honda',103,30001,590);
insert into car_has_cost_of_service(manufacturer,service_no,Id,cost) values('Nissan',103,30001,700);
insert into car_has_cost_of_service(manufacturer,service_no,Id,cost) values('Toyota',103,30001,680);
insert into car_has_cost_of_service(manufacturer,service_no,Id,cost) values('Honda',103,30002,610);
insert into car_has_cost_of_service(manufacturer,service_no,Id,cost) values('Nissan',103,30002,720);
insert into car_has_cost_of_service(manufacturer,service_no,Id,cost) values('Toyota',103,30002,700);
insert into car_has_cost_of_service(manufacturer,service_no,Id,cost) values('Honda',103,30003,625);
insert into car_has_cost_of_service(manufacturer,service_no,Id,cost) values('Nissan',103,30003,735);
insert into car_has_cost_of_service(manufacturer,service_no,Id,cost) values('Toyota',103,30003,715);

insert into car_has_cost_of_service(manufacturer,service_no,Id,cost) values('Honda',104,30001,140);
insert into car_has_cost_of_service(manufacturer,service_no,Id,cost) values('Nissan',104,30001,175);
insert into car_has_cost_of_service(manufacturer,service_no,Id,cost) values('Toyota',104,30001,160);
insert into car_has_cost_of_service(manufacturer,service_no,Id,cost) values('Honda',104,30002,160);
insert into car_has_cost_of_service(manufacturer,service_no,Id,cost) values('Nissan',104,30002,195);
insert into car_has_cost_of_service(manufacturer,service_no,Id,cost) values('Toyota',104,30002,180);
insert into car_has_cost_of_service(manufacturer,service_no,Id,cost) values('Honda',104,30003,175);
insert into car_has_cost_of_service(manufacturer,service_no,Id,cost) values('Nissan',104,30003,210);
insert into car_has_cost_of_service(manufacturer,service_no,Id,cost) values('Toyota',104,30003,195);

insert into car_has_cost_of_service(manufacturer,service_no,Id,cost) values('Honda',105,30001,400);
insert into car_has_cost_of_service(manufacturer,service_no,Id,cost) values('Nissan',105,30001,500);
insert into car_has_cost_of_service(manufacturer,service_no,Id,cost) values('Toyota',105,30001,450);
insert into car_has_cost_of_service(manufacturer,service_no,Id,cost) values('Honda',105,30002,420);
insert into car_has_cost_of_service(manufacturer,service_no,Id,cost) values('Nissan',105,30002,520);
insert into car_has_cost_of_service(manufacturer,service_no,Id,cost) values('Toyota',105,30002,470);
insert into car_has_cost_of_service(manufacturer,service_no,Id,cost) values('Honda',105,30003,435);
insert into car_has_cost_of_service(manufacturer,service_no,Id,cost) values('Nissan',105,30003,535);
insert into car_has_cost_of_service(manufacturer,service_no,Id,cost) values('Toyota',105,30003,485);

insert into car_has_cost_of_service(manufacturer,service_no,Id,cost) values('Honda',106,30001,400);
insert into car_has_cost_of_service(manufacturer,service_no,Id,cost) values('Nissan',106,30001,500);
insert into car_has_cost_of_service(manufacturer,service_no,Id,cost) values('Toyota',106,30001,450);
insert into car_has_cost_of_service(manufacturer,service_no,Id,cost) values('Honda',106,30002,420);
insert into car_has_cost_of_service(manufacturer,service_no,Id,cost) values('Nissan',106,30002,520);
insert into car_has_cost_of_service(manufacturer,service_no,Id,cost) values('Toyota',106,30002,470);
insert into car_has_cost_of_service(manufacturer,service_no,Id,cost) values('Honda',106,30003,435);
insert into car_has_cost_of_service(manufacturer,service_no,Id,cost) values('Nissan',106,30003,535);
insert into car_has_cost_of_service(manufacturer,service_no,Id,cost) values('Toyota',106,30003,485);

insert into car_has_cost_of_service(manufacturer,service_no,Id,cost) values('Honda',107,30001,1000);
insert into car_has_cost_of_service(manufacturer,service_no,Id,cost) values('Nissan',107,30001,1200);
insert into car_has_cost_of_service(manufacturer,service_no,Id,cost) values('Toyota',107,30001,1100);
insert into car_has_cost_of_service(manufacturer,service_no,Id,cost) values('Honda',107,30002,1020);
insert into car_has_cost_of_service(manufacturer,service_no,Id,cost) values('Nissan',107,30002,1220);
insert into car_has_cost_of_service(manufacturer,service_no,Id,cost) values('Toyota',107,30002,1120);
insert into car_has_cost_of_service(manufacturer,service_no,Id,cost) values('Honda',107,30003,1035);
insert into car_has_cost_of_service(manufacturer,service_no,Id,cost) values('Nissan',107,30003,1235);
insert into car_has_cost_of_service(manufacturer,service_no,Id,cost) values('Toyota',107,30003,1135);

insert into car_has_cost_of_service(manufacturer,service_no,Id,cost) values('Honda',108,30001,400);
insert into car_has_cost_of_service(manufacturer,service_no,Id,cost) values('Nissan',108,30001,500);
insert into car_has_cost_of_service(manufacturer,service_no,Id,cost) values('Toyota',108,30001,450);
insert into car_has_cost_of_service(manufacturer,service_no,Id,cost) values('Honda',108,30002,420);
insert into car_has_cost_of_service(manufacturer,service_no,Id,cost) values('Nissan',108,30002,520);
insert into car_has_cost_of_service(manufacturer,service_no,Id,cost) values('Toyota',108,30002,470);
insert into car_has_cost_of_service(manufacturer,service_no,Id,cost) values('Honda',108,30003,435);
insert into car_has_cost_of_service(manufacturer,service_no,Id,cost) values('Nissan',108,30003,535);
insert into car_has_cost_of_service(manufacturer,service_no,Id,cost) values('Toyota',108,30003,485);

insert into car_has_cost_of_service(manufacturer,service_no,Id,cost) values('Honda',109,30001,50);
insert into car_has_cost_of_service(manufacturer,service_no,Id,cost) values('Nissan',109,30001,70);
insert into car_has_cost_of_service(manufacturer,service_no,Id,cost) values('Toyota',109,30001,60);
insert into car_has_cost_of_service(manufacturer,service_no,Id,cost) values('Honda',109,30002,70);
insert into car_has_cost_of_service(manufacturer,service_no,Id,cost) values('Nissan',109,30002,90);
insert into car_has_cost_of_service(manufacturer,service_no,Id,cost) values('Toyota',109,30002,80);
insert into car_has_cost_of_service(manufacturer,service_no,Id,cost) values('Honda',109,30003,85);
insert into car_has_cost_of_service(manufacturer,service_no,Id,cost) values('Nissan',109,30003,105);
insert into car_has_cost_of_service(manufacturer,service_no,Id,cost) values('Toyota',109,30003,95);

insert into car_has_cost_of_service(manufacturer,service_no,Id,cost) values('Honda',110,30001,140);
insert into car_has_cost_of_service(manufacturer,service_no,Id,cost) values('Nissan',110,30001,175);
insert into car_has_cost_of_service(manufacturer,service_no,Id,cost) values('Toyota',110,30001,160);
insert into car_has_cost_of_service(manufacturer,service_no,Id,cost) values('Honda',110,30002,160);
insert into car_has_cost_of_service(manufacturer,service_no,Id,cost) values('Nissan',110,30002,195);
insert into car_has_cost_of_service(manufacturer,service_no,Id,cost) values('Toyota',110,30002,180);
insert into car_has_cost_of_service(manufacturer,service_no,Id,cost) values('Honda',110,30003,175);
insert into car_has_cost_of_service(manufacturer,service_no,Id,cost) values('Nissan',110,30003,210);
insert into car_has_cost_of_service(manufacturer,service_no,Id,cost) values('Toyota',110,30003,195);

insert into car_has_cost_of_service(manufacturer,service_no,Id,cost) values('Honda',111,30001,590);
insert into car_has_cost_of_service(manufacturer,service_no,Id,cost) values('Nissan',111,30001,700);
insert into car_has_cost_of_service(manufacturer,service_no,Id,cost) values('Toyota',111,30001,680);
insert into car_has_cost_of_service(manufacturer,service_no,Id,cost) values('Honda',111,30002,610);
insert into car_has_cost_of_service(manufacturer,service_no,Id,cost) values('Nissan',111,30002,720);
insert into car_has_cost_of_service(manufacturer,service_no,Id,cost) values('Toyota',111,30002,700);
insert into car_has_cost_of_service(manufacturer,service_no,Id,cost) values('Honda',111,30003,625);
insert into car_has_cost_of_service(manufacturer,service_no,Id,cost) values('Nissan',111,30003,735);
insert into car_has_cost_of_service(manufacturer,service_no,Id,cost) values('Toyota',111,30003,715);

insert into car_has_cost_of_service(manufacturer,service_no,Id,cost) values('Honda',112,30001,400);
insert into car_has_cost_of_service(manufacturer,service_no,Id,cost) values('Nissan',112,30001,500);
insert into car_has_cost_of_service(manufacturer,service_no,Id,cost) values('Toyota',112,30001,450);
insert into car_has_cost_of_service(manufacturer,service_no,Id,cost) values('Honda',112,30002,420);
insert into car_has_cost_of_service(manufacturer,service_no,Id,cost) values('Nissan',112,30002,520);
insert into car_has_cost_of_service(manufacturer,service_no,Id,cost) values('Toyota',112,30002,470);
insert into car_has_cost_of_service(manufacturer,service_no,Id,cost) values('Honda',112,30003,435);
insert into car_has_cost_of_service(manufacturer,service_no,Id,cost) values('Nissan',112,30003,535);
insert into car_has_cost_of_service(manufacturer,service_no,Id,cost) values('Toyota',112,30003,485);

insert into car_has_cost_of_service(manufacturer,service_no,Id,cost) values('Honda',113,30001,120);
insert into car_has_cost_of_service(manufacturer,service_no,Id,cost) values('Nissan',113,30001,190);
insert into car_has_cost_of_service(manufacturer,service_no,Id,cost) values('Toyota',113,30001,200);
insert into car_has_cost_of_service(manufacturer,service_no,Id,cost) values('Honda',113,30002,125);
insert into car_has_cost_of_service(manufacturer,service_no,Id,cost) values('Nissan',113,30002,195);
insert into car_has_cost_of_service(manufacturer,service_no,Id,cost) values('Toyota',113,30002,205);
insert into car_has_cost_of_service(manufacturer,service_no,Id,cost) values('Honda',113,30003,140);
insert into car_has_cost_of_service(manufacturer,service_no,Id,cost) values('Nissan',113,30003,180);
insert into car_has_cost_of_service(manufacturer,service_no,Id,cost) values('Toyota',113,30003,195);

insert into car_has_cost_of_service(manufacturer,service_no,Id,cost) values('Honda',114,30001,195);
insert into car_has_cost_of_service(manufacturer,service_no,Id,cost) values('Nissan',114,30001,210);
insert into car_has_cost_of_service(manufacturer,service_no,Id,cost) values('Toyota',114,30001,215);
insert into car_has_cost_of_service(manufacturer,service_no,Id,cost) values('Honda',114,30002,200);
insert into car_has_cost_of_service(manufacturer,service_no,Id,cost) values('Nissan',114,30002,215);
insert into car_has_cost_of_service(manufacturer,service_no,Id,cost) values('Toyota',114,30002,220);
insert into car_has_cost_of_service(manufacturer,service_no,Id,cost) values('Honda',114,30003,210);
insert into car_has_cost_of_service(manufacturer,service_no,Id,cost) values('Nissan',114,30003,220);
insert into car_has_cost_of_service(manufacturer,service_no,Id,cost) values('Toyota',114,30003,215);

insert into car_has_cost_of_service(manufacturer,service_no,Id,cost) values('Honda',115,30001,300);
insert into car_has_cost_of_service(manufacturer,service_no,Id,cost) values('Nissan',115,30001,310);
insert into car_has_cost_of_service(manufacturer,service_no,Id,cost) values('Toyota',115,30001,305);
insert into car_has_cost_of_service(manufacturer,service_no,Id,cost) values('Honda',115,30002,305);
insert into car_has_cost_of_service(manufacturer,service_no,Id,cost) values('Nissan',115,30002,315);
insert into car_has_cost_of_service(manufacturer,service_no,Id,cost) values('Toyota',115,30002,310);
insert into car_has_cost_of_service(manufacturer,service_no,Id,cost) values('Honda',115,30003,310);
insert into car_has_cost_of_service(manufacturer,service_no,Id,cost) values('Nissan',115,30003,305);
insert into car_has_cost_of_service(manufacturer,service_no,Id,cost) values('Toyota',115,30003,310);


insert into time_slot(id,week,daysofweek,slot) values( 1 , 1 , 1 , 1 );
insert into time_slot(id,week,daysofweek,slot) values( 2 , 1 , 1 , 2 );
insert into time_slot(id,week,daysofweek,slot) values( 3 , 1 , 1 , 3 );
insert into time_slot(id,week,daysofweek,slot) values( 4 , 1 , 1 , 4 );
insert into time_slot(id,week,daysofweek,slot) values( 5 , 1 , 1 , 5 );
insert into time_slot(id,week,daysofweek,slot) values( 6 , 1 , 1 , 6 );
insert into time_slot(id,week,daysofweek,slot) values( 7 , 1 , 1 , 7 );
insert into time_slot(id,week,daysofweek,slot) values( 8 , 1 , 1 , 8 );
insert into time_slot(id,week,daysofweek,slot) values( 9 , 1 , 1 , 9 );
insert into time_slot(id,week,daysofweek,slot) values( 10 , 1 , 1 , 10 );
insert into time_slot(id,week,daysofweek,slot) values( 11 , 1 , 1 , 11 );
insert into time_slot(id,week,daysofweek,slot) values( 12 , 1 , 2 , 1 );
insert into time_slot(id,week,daysofweek,slot) values( 13 , 1 , 2 , 2 );
insert into time_slot(id,week,daysofweek,slot) values( 14 , 1 , 2 , 3 );
insert into time_slot(id,week,daysofweek,slot) values( 15 , 1 , 2 , 4 );
insert into time_slot(id,week,daysofweek,slot) values( 16 , 1 , 2 , 5 );
insert into time_slot(id,week,daysofweek,slot) values( 17 , 1 , 2 , 6 );
insert into time_slot(id,week,daysofweek,slot) values( 18 , 1 , 2 , 7 );
insert into time_slot(id,week,daysofweek,slot) values( 19 , 1 , 2 , 8 );
insert into time_slot(id,week,daysofweek,slot) values( 20 , 1 , 2 , 9 );
insert into time_slot(id,week,daysofweek,slot) values( 21 , 1 , 2 , 10 );
insert into time_slot(id,week,daysofweek,slot) values( 22 , 1 , 2 , 11 );
insert into time_slot(id,week,daysofweek,slot) values( 23 , 1 , 3 , 1 );
insert into time_slot(id,week,daysofweek,slot) values( 24 , 1 , 3 , 2 );
insert into time_slot(id,week,daysofweek,slot) values( 25 , 1 , 3 , 3 );
insert into time_slot(id,week,daysofweek,slot) values( 26 , 1 , 3 , 4 );
insert into time_slot(id,week,daysofweek,slot) values( 27 , 1 , 3 , 5 );
insert into time_slot(id,week,daysofweek,slot) values( 28 , 1 , 3 , 6 );
insert into time_slot(id,week,daysofweek,slot) values( 29 , 1 , 3 , 7 );
insert into time_slot(id,week,daysofweek,slot) values( 30 , 1 , 3 , 8 );
insert into time_slot(id,week,daysofweek,slot) values( 31 , 1 , 3 , 9 );
insert into time_slot(id,week,daysofweek,slot) values( 32 , 1 , 3 , 10 );
insert into time_slot(id,week,daysofweek,slot) values( 33 , 1 , 3 , 11 );
insert into time_slot(id,week,daysofweek,slot) values( 34 , 1 , 4 , 1 );
insert into time_slot(id,week,daysofweek,slot) values( 35 , 1 , 4 , 2 );
insert into time_slot(id,week,daysofweek,slot) values( 36 , 1 , 4 , 3 );
insert into time_slot(id,week,daysofweek,slot) values( 37 , 1 , 4 , 4 );
insert into time_slot(id,week,daysofweek,slot) values( 38 , 1 , 4 , 5 );
insert into time_slot(id,week,daysofweek,slot) values( 39 , 1 , 4 , 6 );
insert into time_slot(id,week,daysofweek,slot) values( 40 , 1 , 4 , 7 );
insert into time_slot(id,week,daysofweek,slot) values( 41 , 1 , 4 , 8 );
insert into time_slot(id,week,daysofweek,slot) values( 42 , 1 , 4 , 9 );
insert into time_slot(id,week,daysofweek,slot) values( 43 , 1 , 4 , 10 );
insert into time_slot(id,week,daysofweek,slot) values( 44 , 1 , 4 , 11 );
insert into time_slot(id,week,daysofweek,slot) values( 45 , 1 , 5 , 1 );
insert into time_slot(id,week,daysofweek,slot) values( 46 , 1 , 5 , 2 );
insert into time_slot(id,week,daysofweek,slot) values( 47 , 1 , 5 , 3 );
insert into time_slot(id,week,daysofweek,slot) values( 48 , 1 , 5 , 4 );
insert into time_slot(id,week,daysofweek,slot) values( 49 , 1 , 5 , 5 );
insert into time_slot(id,week,daysofweek,slot) values( 50 , 1 , 5 , 6 );
insert into time_slot(id,week,daysofweek,slot) values( 51 , 1 , 5 , 7 );
insert into time_slot(id,week,daysofweek,slot) values( 52 , 1 , 5 , 8 );
insert into time_slot(id,week,daysofweek,slot) values( 53 , 1 , 5 , 9 );
insert into time_slot(id,week,daysofweek,slot) values( 54 , 1 , 5 , 10 );
insert into time_slot(id,week,daysofweek,slot) values( 55 , 1 , 5 , 11 );
insert into time_slot(id,week,daysofweek,slot) values( 56 , 1 , 6 , 2 );
insert into time_slot(id,week,daysofweek,slot) values( 57 , 1 , 6 , 3 );
insert into time_slot(id,week,daysofweek,slot) values( 58 , 1 , 6 , 4 );
insert into time_slot(id,week,daysofweek,slot) values( 59 , 1 , 6 , 5 );
insert into time_slot(id,week,daysofweek,slot) values( 60 , 2 , 1 , 1 );
insert into time_slot(id,week,daysofweek,slot) values( 61 , 2 , 1 , 2 );
insert into time_slot(id,week,daysofweek,slot) values( 62 , 2 , 1 , 3 );
insert into time_slot(id,week,daysofweek,slot) values( 63 , 2 , 1 , 4 );
insert into time_slot(id,week,daysofweek,slot) values( 64 , 2 , 1 , 5 );
insert into time_slot(id,week,daysofweek,slot) values( 65 , 2 , 1 , 6 );
insert into time_slot(id,week,daysofweek,slot) values( 66 , 2 , 1 , 7 );
insert into time_slot(id,week,daysofweek,slot) values( 67 , 2 , 1 , 8 );
insert into time_slot(id,week,daysofweek,slot) values( 68 , 2 , 1 , 9 );
insert into time_slot(id,week,daysofweek,slot) values( 69 , 2 , 1 , 10 );
insert into time_slot(id,week,daysofweek,slot) values( 70 , 2 , 1 , 11 );
insert into time_slot(id,week,daysofweek,slot) values( 71 , 2 , 2 , 1 );
insert into time_slot(id,week,daysofweek,slot) values( 72 , 2 , 2 , 2 );
insert into time_slot(id,week,daysofweek,slot) values( 73 , 2 , 2 , 3 );
insert into time_slot(id,week,daysofweek,slot) values( 74 , 2 , 2 , 4 );
insert into time_slot(id,week,daysofweek,slot) values( 75 , 2 , 2 , 5 );
insert into time_slot(id,week,daysofweek,slot) values( 76 , 2 , 2 , 6 );
insert into time_slot(id,week,daysofweek,slot) values( 77 , 2 , 2 , 7 );
insert into time_slot(id,week,daysofweek,slot) values( 78 , 2 , 2 , 8 );
insert into time_slot(id,week,daysofweek,slot) values( 79 , 2 , 2 , 9 );
insert into time_slot(id,week,daysofweek,slot) values( 80 , 2 , 2 , 10 );
insert into time_slot(id,week,daysofweek,slot) values( 81 , 2 , 2 , 11 );
insert into time_slot(id,week,daysofweek,slot) values( 82 , 2 , 3 , 1 );
insert into time_slot(id,week,daysofweek,slot) values( 83 , 2 , 3 , 2 );
insert into time_slot(id,week,daysofweek,slot) values( 84 , 2 , 3 , 3 );
insert into time_slot(id,week,daysofweek,slot) values( 85 , 2 , 3 , 4 );
insert into time_slot(id,week,daysofweek,slot) values( 86 , 2 , 3 , 5 );
insert into time_slot(id,week,daysofweek,slot) values( 87 , 2 , 3 , 6 );
insert into time_slot(id,week,daysofweek,slot) values( 88 , 2 , 3 , 7 );
insert into time_slot(id,week,daysofweek,slot) values( 89 , 2 , 3 , 8 );
insert into time_slot(id,week,daysofweek,slot) values( 90 , 2 , 3 , 9 );
insert into time_slot(id,week,daysofweek,slot) values( 91 , 2 , 3 , 10 );
insert into time_slot(id,week,daysofweek,slot) values( 92 , 2 , 3 , 11 );
insert into time_slot(id,week,daysofweek,slot) values( 93 , 2 , 4 , 1 );
insert into time_slot(id,week,daysofweek,slot) values( 94 , 2 , 4 , 2 );
insert into time_slot(id,week,daysofweek,slot) values( 95 , 2 , 4 , 3 );
insert into time_slot(id,week,daysofweek,slot) values( 96 , 2 , 4 , 4 );
insert into time_slot(id,week,daysofweek,slot) values( 97 , 2 , 4 , 5 );
insert into time_slot(id,week,daysofweek,slot) values( 98 , 2 , 4 , 6 );
insert into time_slot(id,week,daysofweek,slot) values( 99 , 2 , 4 , 7 );
insert into time_slot(id,week,daysofweek,slot) values( 100 , 2 , 4 , 8 );
insert into time_slot(id,week,daysofweek,slot) values( 101 , 2 , 4 , 9 );
insert into time_slot(id,week,daysofweek,slot) values( 102 , 2 , 4 , 10 );
insert into time_slot(id,week,daysofweek,slot) values( 103 , 2 , 4 , 11 );
insert into time_slot(id,week,daysofweek,slot) values( 104 , 2 , 5 , 1 );
insert into time_slot(id,week,daysofweek,slot) values( 105 , 2 , 5 , 2 );
insert into time_slot(id,week,daysofweek,slot) values( 106 , 2 , 5 , 3 );
insert into time_slot(id,week,daysofweek,slot) values( 107 , 2 , 5 , 4 );
insert into time_slot(id,week,daysofweek,slot) values( 108 , 2 , 5 , 5 );
insert into time_slot(id,week,daysofweek,slot) values( 109 , 2 , 5 , 6 );
insert into time_slot(id,week,daysofweek,slot) values( 110 , 2 , 5 , 7 );
insert into time_slot(id,week,daysofweek,slot) values( 111 , 2 , 5 , 8 );
insert into time_slot(id,week,daysofweek,slot) values( 112 , 2 , 5 , 9 );
insert into time_slot(id,week,daysofweek,slot) values( 113 , 2 , 5 , 10 );
insert into time_slot(id,week,daysofweek,slot) values( 114 , 2 , 5 , 11 );
insert into time_slot(id,week,daysofweek,slot) values( 115 , 2 , 6 , 2 );
insert into time_slot(id,week,daysofweek,slot) values( 116 , 2 , 6 , 3 );
insert into time_slot(id,week,daysofweek,slot) values( 117 , 2 , 6 , 4 );
insert into time_slot(id,week,daysofweek,slot) values( 118 , 2 , 6 , 5 );
insert into time_slot(id,week,daysofweek,slot) values( 119 , 3 , 1 , 1 );
insert into time_slot(id,week,daysofweek,slot) values( 120 , 3 , 1 , 2 );
insert into time_slot(id,week,daysofweek,slot) values( 121 , 3 , 1 , 3 );
insert into time_slot(id,week,daysofweek,slot) values( 122 , 3 , 1 , 4 );
insert into time_slot(id,week,daysofweek,slot) values( 123 , 3 , 1 , 5 );
insert into time_slot(id,week,daysofweek,slot) values( 124 , 3 , 1 , 6 );
insert into time_slot(id,week,daysofweek,slot) values( 125 , 3 , 1 , 7 );
insert into time_slot(id,week,daysofweek,slot) values( 126 , 3 , 1 , 8 );
insert into time_slot(id,week,daysofweek,slot) values( 127 , 3 , 1 , 9 );
insert into time_slot(id,week,daysofweek,slot) values( 128 , 3 , 1 , 10 );
insert into time_slot(id,week,daysofweek,slot) values( 129 , 3 , 1 , 11 );
insert into time_slot(id,week,daysofweek,slot) values( 130 , 3 , 2 , 1 );
insert into time_slot(id,week,daysofweek,slot) values( 131 , 3 , 2 , 2 );
insert into time_slot(id,week,daysofweek,slot) values( 132 , 3 , 2 , 3 );
insert into time_slot(id,week,daysofweek,slot) values( 133 , 3 , 2 , 4 );
insert into time_slot(id,week,daysofweek,slot) values( 134 , 3 , 2 , 5 );
insert into time_slot(id,week,daysofweek,slot) values( 135 , 3 , 2 , 6 );
insert into time_slot(id,week,daysofweek,slot) values( 136 , 3 , 2 , 7 );
insert into time_slot(id,week,daysofweek,slot) values( 137 , 3 , 2 , 8 );
insert into time_slot(id,week,daysofweek,slot) values( 138 , 3 , 2 , 9 );
insert into time_slot(id,week,daysofweek,slot) values( 139 , 3 , 2 , 10 );
insert into time_slot(id,week,daysofweek,slot) values( 140 , 3 , 2 , 11 );
insert into time_slot(id,week,daysofweek,slot) values( 141 , 3 , 3 , 1 );
insert into time_slot(id,week,daysofweek,slot) values( 142 , 3 , 3 , 2 );
insert into time_slot(id,week,daysofweek,slot) values( 143 , 3 , 3 , 3 );
insert into time_slot(id,week,daysofweek,slot) values( 144 , 3 , 3 , 4 );
insert into time_slot(id,week,daysofweek,slot) values( 145 , 3 , 3 , 5 );
insert into time_slot(id,week,daysofweek,slot) values( 146 , 3 , 3 , 6 );
insert into time_slot(id,week,daysofweek,slot) values( 147 , 3 , 3 , 7 );
insert into time_slot(id,week,daysofweek,slot) values( 148 , 3 , 3 , 8 );
insert into time_slot(id,week,daysofweek,slot) values( 149 , 3 , 3 , 9 );
insert into time_slot(id,week,daysofweek,slot) values( 150 , 3 , 3 , 10 );
insert into time_slot(id,week,daysofweek,slot) values( 151 , 3 , 3 , 11 );
insert into time_slot(id,week,daysofweek,slot) values( 152 , 3 , 4 , 1 );
insert into time_slot(id,week,daysofweek,slot) values( 153 , 3 , 4 , 2 );
insert into time_slot(id,week,daysofweek,slot) values( 154 , 3 , 4 , 3 );
insert into time_slot(id,week,daysofweek,slot) values( 155 , 3 , 4 , 4 );
insert into time_slot(id,week,daysofweek,slot) values( 156 , 3 , 4 , 5 );
insert into time_slot(id,week,daysofweek,slot) values( 157 , 3 , 4 , 6 );
insert into time_slot(id,week,daysofweek,slot) values( 158 , 3 , 4 , 7 );
insert into time_slot(id,week,daysofweek,slot) values( 159 , 3 , 4 , 8 );
insert into time_slot(id,week,daysofweek,slot) values( 160 , 3 , 4 , 9 );
insert into time_slot(id,week,daysofweek,slot) values( 161 , 3 , 4 , 10 );
insert into time_slot(id,week,daysofweek,slot) values( 162 , 3 , 4 , 11 );
insert into time_slot(id,week,daysofweek,slot) values( 163 , 3 , 5 , 1 );
insert into time_slot(id,week,daysofweek,slot) values( 164 , 3 , 5 , 2 );
insert into time_slot(id,week,daysofweek,slot) values( 165 , 3 , 5 , 3 );
insert into time_slot(id,week,daysofweek,slot) values( 166 , 3 , 5 , 4 );
insert into time_slot(id,week,daysofweek,slot) values( 167 , 3 , 5 , 5 );
insert into time_slot(id,week,daysofweek,slot) values( 168 , 3 , 5 , 6 );
insert into time_slot(id,week,daysofweek,slot) values( 169 , 3 , 5 , 7 );
insert into time_slot(id,week,daysofweek,slot) values( 170 , 3 , 5 , 8 );
insert into time_slot(id,week,daysofweek,slot) values( 171 , 3 , 5 , 9 );
insert into time_slot(id,week,daysofweek,slot) values( 172 , 3 , 5 , 10 );
insert into time_slot(id,week,daysofweek,slot) values( 173 , 3 , 5 , 11 );
insert into time_slot(id,week,daysofweek,slot) values( 174 , 3 , 6 , 2 );
insert into time_slot(id,week,daysofweek,slot) values( 175 , 3 , 6 , 3 );
insert into time_slot(id,week,daysofweek,slot) values( 176 , 3 , 6 , 4 );
insert into time_slot(id,week,daysofweek,slot) values( 177 , 3 , 6 , 5 );
insert into time_slot(id,week,daysofweek,slot) values( 178 , 4 , 1 , 1 );
insert into time_slot(id,week,daysofweek,slot) values( 179 , 4 , 1 , 2 );
insert into time_slot(id,week,daysofweek,slot) values( 180 , 4 , 1 , 3 );
insert into time_slot(id,week,daysofweek,slot) values( 181 , 4 , 1 , 4 );
insert into time_slot(id,week,daysofweek,slot) values( 182 , 4 , 1 , 5 );
insert into time_slot(id,week,daysofweek,slot) values( 183 , 4 , 1 , 6 );
insert into time_slot(id,week,daysofweek,slot) values( 184 , 4 , 1 , 7 );
insert into time_slot(id,week,daysofweek,slot) values( 185 , 4 , 1 , 8 );
insert into time_slot(id,week,daysofweek,slot) values( 186 , 4 , 1 , 9 );
insert into time_slot(id,week,daysofweek,slot) values( 187 , 4 , 1 , 10 );
insert into time_slot(id,week,daysofweek,slot) values( 188 , 4 , 1 , 11 );
insert into time_slot(id,week,daysofweek,slot) values( 189 , 4 , 2 , 1 );
insert into time_slot(id,week,daysofweek,slot) values( 190 , 4 , 2 , 2 );
insert into time_slot(id,week,daysofweek,slot) values( 191 , 4 , 2 , 3 );
insert into time_slot(id,week,daysofweek,slot) values( 192 , 4 , 2 , 4 );
insert into time_slot(id,week,daysofweek,slot) values( 193 , 4 , 2 , 5 );
insert into time_slot(id,week,daysofweek,slot) values( 194 , 4 , 2 , 6 );
insert into time_slot(id,week,daysofweek,slot) values( 195 , 4 , 2 , 7 );
insert into time_slot(id,week,daysofweek,slot) values( 196 , 4 , 2 , 8 );
insert into time_slot(id,week,daysofweek,slot) values( 197 , 4 , 2 , 9 );
insert into time_slot(id,week,daysofweek,slot) values( 198 , 4 , 2 , 10 );
insert into time_slot(id,week,daysofweek,slot) values( 199 , 4 , 2 , 11 );
insert into time_slot(id,week,daysofweek,slot) values( 200 , 4 , 3 , 1 );
insert into time_slot(id,week,daysofweek,slot) values( 201 , 4 , 3 , 2 );
insert into time_slot(id,week,daysofweek,slot) values( 202 , 4 , 3 , 3 );
insert into time_slot(id,week,daysofweek,slot) values( 203 , 4 , 3 , 4 );
insert into time_slot(id,week,daysofweek,slot) values( 204 , 4 , 3 , 5 );
insert into time_slot(id,week,daysofweek,slot) values( 205 , 4 , 3 , 6 );
insert into time_slot(id,week,daysofweek,slot) values( 206 , 4 , 3 , 7 );
insert into time_slot(id,week,daysofweek,slot) values( 207 , 4 , 3 , 8 );
insert into time_slot(id,week,daysofweek,slot) values( 208 , 4 , 3 , 9 );
insert into time_slot(id,week,daysofweek,slot) values( 209 , 4 , 3 , 10 );
insert into time_slot(id,week,daysofweek,slot) values( 210 , 4 , 3 , 11 );
insert into time_slot(id,week,daysofweek,slot) values( 211 , 4 , 4 , 1 );
insert into time_slot(id,week,daysofweek,slot) values( 212 , 4 , 4 , 2 );
insert into time_slot(id,week,daysofweek,slot) values( 213 , 4 , 4 , 3 );
insert into time_slot(id,week,daysofweek,slot) values( 214 , 4 , 4 , 4 );
insert into time_slot(id,week,daysofweek,slot) values( 215 , 4 , 4 , 5 );
insert into time_slot(id,week,daysofweek,slot) values( 216 , 4 , 4 , 6 );
insert into time_slot(id,week,daysofweek,slot) values( 217 , 4 , 4 , 7 );
insert into time_slot(id,week,daysofweek,slot) values( 218 , 4 , 4 , 8 );
insert into time_slot(id,week,daysofweek,slot) values( 219 , 4 , 4 , 9 );
insert into time_slot(id,week,daysofweek,slot) values( 220 , 4 , 4 , 10 );
insert into time_slot(id,week,daysofweek,slot) values( 221 , 4 , 4 , 11 );
insert into time_slot(id,week,daysofweek,slot) values( 222 , 4 , 5 , 1 );
insert into time_slot(id,week,daysofweek,slot) values( 223 , 4 , 5 , 2 );
insert into time_slot(id,week,daysofweek,slot) values( 224 , 4 , 5 , 3 );
insert into time_slot(id,week,daysofweek,slot) values( 225 , 4 , 5 , 4 );
insert into time_slot(id,week,daysofweek,slot) values( 226 , 4 , 5 , 5 );
insert into time_slot(id,week,daysofweek,slot) values( 227 , 4 , 5 , 6 );
insert into time_slot(id,week,daysofweek,slot) values( 228 , 4 , 5 , 7 );
insert into time_slot(id,week,daysofweek,slot) values( 229 , 4 , 5 , 8 );
insert into time_slot(id,week,daysofweek,slot) values( 230 , 4 , 5 , 9 );
insert into time_slot(id,week,daysofweek,slot) values( 231 , 4 , 5 , 10 );
insert into time_slot(id,week,daysofweek,slot) values( 232 , 4 , 5 , 11 );
insert into time_slot(id,week,daysofweek,slot) values( 233 , 4 , 6 , 2 );
insert into time_slot(id,week,daysofweek,slot) values( 234 , 4 , 6 , 3 );
insert into time_slot(id,week,daysofweek,slot) values( 235 , 4 , 6 , 4 );
insert into time_slot(id,week,daysofweek,slot) values( 236 , 4 , 6 , 5 );
insert into time_slot(id,week,daysofweek,slot) values( 237 , 5 , 1 , 1 );
insert into time_slot(id,week,daysofweek,slot) values( 238 , 5 , 1 , 2 );
insert into time_slot(id,week,daysofweek,slot) values( 239 , 5 , 1 , 3 );
insert into time_slot(id,week,daysofweek,slot) values( 240 , 5 , 1 , 4 );
insert into time_slot(id,week,daysofweek,slot) values( 241 , 5 , 1 , 5 );
insert into time_slot(id,week,daysofweek,slot) values( 242 , 5 , 1 , 6 );
insert into time_slot(id,week,daysofweek,slot) values( 243 , 5 , 1 , 7 );
insert into time_slot(id,week,daysofweek,slot) values( 244 , 5 , 1 , 8 );
insert into time_slot(id,week,daysofweek,slot) values( 245 , 5 , 1 , 9 );
insert into time_slot(id,week,daysofweek,slot) values( 246 , 5 , 1 , 10 );
insert into time_slot(id,week,daysofweek,slot) values( 247 , 5 , 1 , 11 );
insert into time_slot(id,week,daysofweek,slot) values( 248 , 5 , 2 , 1 );
insert into time_slot(id,week,daysofweek,slot) values( 249 , 5 , 2 , 2 );
insert into time_slot(id,week,daysofweek,slot) values( 250 , 5 , 2 , 3 );
insert into time_slot(id,week,daysofweek,slot) values( 251 , 5 , 2 , 4 );
insert into time_slot(id,week,daysofweek,slot) values( 252 , 5 , 2 , 5 );
insert into time_slot(id,week,daysofweek,slot) values( 253 , 5 , 2 , 6 );
insert into time_slot(id,week,daysofweek,slot) values( 254 , 5 , 2 , 7 );
insert into time_slot(id,week,daysofweek,slot) values( 255 , 5 , 2 , 8 );
insert into time_slot(id,week,daysofweek,slot) values( 256 , 5 , 2 , 9 );
insert into time_slot(id,week,daysofweek,slot) values( 257 , 5 , 2 , 10 );
insert into time_slot(id,week,daysofweek,slot) values( 258 , 5 , 2 , 11 );
insert into time_slot(id,week,daysofweek,slot) values( 259 , 5 , 3 , 1 );
insert into time_slot(id,week,daysofweek,slot) values( 260 , 5 , 3 , 2 );
insert into time_slot(id,week,daysofweek,slot) values( 261 , 5 , 3 , 3 );
insert into time_slot(id,week,daysofweek,slot) values( 262 , 5 , 3 , 4 );
insert into time_slot(id,week,daysofweek,slot) values( 263 , 5 , 3 , 5 );
insert into time_slot(id,week,daysofweek,slot) values( 264 , 5 , 3 , 6 );
insert into time_slot(id,week,daysofweek,slot) values( 265 , 5 , 3 , 7 );
insert into time_slot(id,week,daysofweek,slot) values( 266 , 5 , 3 , 8 );
insert into time_slot(id,week,daysofweek,slot) values( 267 , 5 , 3 , 9 );
insert into time_slot(id,week,daysofweek,slot) values( 268 , 5 , 3 , 10 );
insert into time_slot(id,week,daysofweek,slot) values( 269 , 5 , 3 , 11 );


insert into invoice(invoice_id,m_id,cust_id,s_id,vin,start_time_slot,paid) values (1,123405678,10501,30003,'P39VN198',12,0);
insert into invoice_has_service(invoice_id,service_no) values(1,110);
insert into bookings(m_id,t_id) values(123405678,12);

insert into invoice(invoice_id,m_id,cust_id,s_id,vin,start_time_slot,paid) values (2,123450678,10010,30003,'39YVS415',12,0);
insert into invoice_has_service(invoice_id,service_no) values(2,101);
insert into bookings(m_id,t_id) values(123450678,12);

insert into invoice(invoice_id,m_id,cust_id,s_id,vin,start_time_slot,paid) values (3,123456780,10062,30003,'29T56WC3',1,1);
insert into invoice_has_service(invoice_id,service_no) values(3,109);
insert into bookings(m_id,t_id) values(123456780,1);

insert into invoice(invoice_id,m_id,cust_id,s_id,vin,start_time_slot,paid) values (4,423186759,10035,30002,'9R2UHP54',94,1);
insert into invoice_has_service(invoice_id,service_no) values(4,105);
insert into bookings(m_id,t_id) values(423186759,94);
insert into bookings(m_id,t_id) values(423186759,95);
insert into bookings(m_id,t_id) values(423186759,96);

insert into invoice(invoice_id,m_id,cust_id,s_id,vin,start_time_slot,paid) values (5,125689347,10053,30002,'5TR3K914',62,1);
insert into invoice_has_service(invoice_id,service_no) values(5,111);
insert into bookings(m_id,t_id) values(125689347,62);
insert into bookings(m_id,t_id) values(125689347,63);
insert into bookings(m_id,t_id) values(125689347,64);

insert into invoice(invoice_id,m_id,cust_id,s_id,vin,start_time_slot,paid) values (6,789123456,10010,30002,'15DC9A87',115,1);
insert into invoice_has_service(invoice_id,service_no) values(6,114);
insert into bookings(m_id,t_id) values(125689347,115);
insert into bookings(m_id,t_id) values(125689347,116);
insert into bookings(m_id,t_id) values(125689347,117);
insert into bookings(m_id,t_id) values(125689347,118);
insert into bookings(m_id,t_id) values(125689347,119);
insert into bookings(m_id,t_id) values(125689347,120);

insert into invoice(invoice_id,m_id,cust_id,s_id,vin,start_time_slot,paid) values (7,125689347,10001,30002,'18S5R2D8',167,1);
insert into invoice_has_service(invoice_id,service_no) values(7,113);
insert into bookings(m_id,t_id) values(125689347,167);
insert into bookings(m_id,t_id) values(125689347,168);
insert into bookings(m_id,t_id) values(125689347,169);





